source_type,title,content,url,published_at,region,feed_handle,channel,category
gdelt_gkg,balticbusinessnews.com,,"<PAGE_LINKS>https://shopee.com.my/eufy-by-Anker-Omni-C28-Robot-Vacuum-Cleaner-15-000-Pa-Turbo-Suction-With-Industry-Leading-HydroJet%E2%84%A2-Self-Clean-Roller-Mop-Floor-Cleaning-System-Detangle-Brush-5-in-1-Omni-Station-Real-Hands-Free-Cordless-Vacuum-Jimat-Masa-Lantai-Kilat-i.1067124434.29985253162</PAGE_LINKS><PAGE_AUTHORS>admin</PAGE_AUTHORS><PAGE_PRECISEPUBTIMESTAMP>20260214020000</PAGE_PRECISEPUBTIMESTAMP><PAGE_TITLE>eufy Raises the Bar for Home Cleaning with Omni C28, Delivering One-Pass-Clean Performance with HydroJet&#x2122; Self-Clean Roller Mop</PAGE_TITLE>",2026-02-15T02:00:00,global,shopee.com.my,,other
gdelt_gkg,balticbusinessnews.com,,<PAGE_LINKS>https://fossibot.live/PR113</PAGE_LINKS><PAGE_AUTHORS>admin</PAGE_AUTHORS><PAGE_PRECISEPUBTIMESTAMP>20251128150000</PAGE_PRECISEPUBTIMESTAMP><PAGE_TITLE>FOSSiBOT unveils F113: The World's First 50m Ultra-Long-Distance Infrared Night Vision Rugged Smartphone</PAGE_TITLE>,2026-02-15T02:00:00,global,fossibot.live,,other
gdelt_gkg,balticbusinessnews.com,,<PAGE_AUTHORS>admin</PAGE_AUTHORS><PAGE_PRECISEPUBTIMESTAMP>20260213134400</PAGE_PRECISEPUBTIMESTAMP><PAGE_TITLE>Expedia CEO Ariane Gorin: We're seeing consumers continue to spend on travel</PAGE_TITLE>,2026-02-15T02:00:00,global,PAGE_PRECISEPUBTIMESTAMP><PAGE_TITLE>Expedia CEO Ariane Gorin: We're seeing consumers continue to spend on travel<,,other
gdelt_gkg,nintendolife.com,,<PAGE_LINKS>https://www.nintendolife.com/news/2026/02/games/nintendo-switch-2/brigandine-abyss</PAGE_LINKS><PAGE_AUTHORS>Nintendo Life;Liam Doolan</PAGE_AUTHORS><PAGE_PRECISEPUBTIMESTAMP>20260215055500</PAGE_PRECISEPUBTIMESTAMP><PAGE_TITLE>New Strategy RPG 'Brigandine: Abyss' Is Coming To Switch 2 In 2026</PAGE_TITLE>,2026-02-15T10:00:00,global,www.nintendolife.com,,other
gdelt_gkg,ghanaweb.com,,<PAGE_LINKS>https://www.ghanaweb.com/GhanaHomePage/people/person.php?ID=3181</PAGE_LINKS><PAGE_ALTURL_MOBILE>https://mobile.ghanaweb.com/GhanaHomePage/business/NAP-key-to-job-creation-and-skills-development-Osman-Ayariga-2021790</PAGE_ALTURL_MOBILE><PAGE_TITLE>NAP key to job creation and skills development &#x2013; Osman Ayariga</PAGE_TITLE>,2026-02-15T12:00:00,global,www.ghanaweb.com,,other
gdelt_gkg,guampdn.com,,"<PAGE_AUTHORS>Joe Taitano II Pacific Daily News;Rick Cruz/Pacific Daily News</PAGE_AUTHORS><PAGE_PRECISEPUBTIMESTAMP>20260215083000</PAGE_PRECISEPUBTIMESTAMP><PAGE_TITLE>Tamuning, Barrigada solar farms get OK; 28-unit Yigo subdivision gets extension</PAGE_TITLE>",2026-02-15T13:00:00,global,PAGE_AUTHORS><PAGE_PRECISEPUBTIMESTAMP>20260215083000<,,other
gdelt_gkg,elpasoinc.com,,<PAGE_AUTHORS>MINDAUGAS KULBIS - Associated Press</PAGE_AUTHORS><PAGE_PRECISEPUBTIMESTAMP>20260215153400</PAGE_PRECISEPUBTIMESTAMP><PAGE_TITLE>Photos show masked revelers celebrating Shrovetide in Lithuania</PAGE_TITLE>,2026-02-15T17:00:00,global,PAGE_PRECISEPUBTIMESTAMP><PAGE_TITLE>Photos show masked revelers celebrating Shrovetide in Lithuania<,,other
gdelt_gkg,birminghammail.co.uk,,<PAGE_LINKS>https://www.birminghammail.co.uk/all-about/bbc;https://www.birminghammail.co.uk/all-about/channel-4;https://www.birminghammail.co.uk/all-about/eastenders;https://www.birminghammail.co.uk/all-about/gogglebox;https://www.birminghammail.co.uk/all-about/im-a-celebrity-get-me-out-of-here;https://www.birminghammail.co.uk/news/showbiz-tv/place-suns-jasmine-harman-most-33427957;https://www.mirror.co.uk/3am/celebrity-news/martin-kemp-emergency-rescue-fire-36724739</PAGE_LINKS><PAGE_AUTHORS>Katy Hallam</PAGE_AUTHORS><PAGE_PRECISEPUBTIMESTAMP>20260215162500</PAGE_PRECISEPUBTIMESTAMP><PAGE_ALTURL_AMP>https://www.birminghammail.co.uk/news/showbiz-tv/martin-kemp-rescued-fire-brigade-33430095.amp</PAGE_ALTURL_AMP><PAGE_TITLE>Martin Kemp rescued by fire brigade before gig</PAGE_TITLE>,2026-02-15T17:00:00,global,www.birminghammail.co.uk,,other
gdelt_gkg,londonlovesbusiness.com,,<PAGE_LINKS>https://londonlovesbusiness.com/starmer-blasts-putin-on-his-gamble-of-food-security-and-attempts-to-force-ukraine-into-submission/;https://londonlovesbusiness.com/tag/russia-ukraine/;https://londonlovesbusiness.com/uk-happy-to-assist-us-in-seizing-russian-shadow-fleet-tanker-in-the-english-channel/</PAGE_LINKS><PAGE_AUTHORS>Mark Channer LLB Political Journalist</PAGE_AUTHORS><PAGE_PRECISEPUBTIMESTAMP>20260215142900</PAGE_PRECISEPUBTIMESTAMP><PAGE_TITLE>Latvian President warns Putin 'is unwilling to commit to peace' - London Business News</PAGE_TITLE>,2026-02-15T19:00:00,global,londonlovesbusiness.com,,other
gdelt_gkg,slashfilm.com,,<PAGE_LINKS>https://www.slashfilm.com/966426/why-celebrity-stunt-casting-hurts-animated-movies-and-how-hollywood-can-fix-it/</PAGE_LINKS><PAGE_PRECISEPUBTIMESTAMP>20260215180000</PAGE_PRECISEPUBTIMESTAMP><PAGE_TITLE>Full House's John Stamos Played A Surprising Villain In A Hit DC Comics TV Show</PAGE_TITLE>,2026-02-15T21:00:00,global,www.slashfilm.com,,other
gdelt_gkg,balticbusinessnews.com,,<PAGE_LINKS>https://agoda.com/</PAGE_LINKS><PAGE_AUTHORS>admin</PAGE_AUTHORS><PAGE_PRECISEPUBTIMESTAMP>20250925020400</PAGE_PRECISEPUBTIMESTAMP><PAGE_TITLE>World Rivers Day: Agoda Highlights Asia's Most Captivating Waterways</PAGE_TITLE>,2026-02-15T23:00:00,global,agoda.com,,other
gdelt_gkg,scoop.co.nz,,"<PAGE_LINKS>https://info.scoop.co.nz/IrrigationNZ</PAGE_LINKS><PAGE_ALTURL_AMP>https://m.scoop.co.nz/stories/BU2602/S00198/water-infrastructure-missing-from-rm-reform-says-irrigationnz.htm</PAGE_ALTURL_AMP><PAGE_TITLE>Water Infrastructure Missing From RM Reform, Says IrrigationNZ</PAGE_TITLE>",2026-02-16T00:00:00,global,info.scoop.co.nz,,other
gdelt_gkg,chronicle.lu,,<PAGE_TITLE>Chronicle.lu</PAGE_TITLE>,2026-02-16T01:00:00,global,,,other
gdelt_gkg,irrigator.com.au,,<PAGE_LINKS>https://www.rsm.global/australia/people/simon-robinson</PAGE_LINKS><PAGE_PRECISEPUBTIMESTAMP>20260216020000</PAGE_PRECISEPUBTIMESTAMP><PAGE_TITLE>Estate planning: how to ensure your family's future security | The Irrigator</PAGE_TITLE>,2026-02-16T03:00:00,global,www.rsm.global,,other
gdelt_gkg,irrigator.com.au,,<PAGE_PRECISEPUBTIMESTAMP>20260216013100</PAGE_PRECISEPUBTIMESTAMP><PAGE_TITLE>Liberal leader eyes new front bench after poll boost</PAGE_TITLE>,2026-02-16T03:00:00,global,PAGE_TITLE>,,other
gdelt_gkg,irrigator.com.au,,<PAGE_PRECISEPUBTIMESTAMP>20260216012400</PAGE_PRECISEPUBTIMESTAMP><PAGE_TITLE>Bondi shooter speaks as 'onerous conditions' outlined</PAGE_TITLE>,2026-02-16T03:00:00,global,PAGE_TITLE>,,other
gdelt_gkg,irrigator.com.au,,<PAGE_PRECISEPUBTIMESTAMP>20260216000000</PAGE_PRECISEPUBTIMESTAMP><PAGE_TITLE>Easing the compliance load on Australian small businesses | The Irrigator</PAGE_TITLE>,2026-02-16T03:00:00,global,PAGE_TITLE>,,other
gdelt_gkg,irrigator.com.au,,<PAGE_LINKS>https://www.carsguide.com.au/byd;https://www.carsguide.com.au/car-advice/engine-capacity-what-does-cc-mean-70785;https://www.carsguide.com.au/car-advice/whats-the-difference-between-diesel-and-petrol-cars-47267;https://www.carsguide.com.au/car-advice/why-suvs-are-becoming-so-popular-34463;https://www.carsguide.com.au/chery;https://www.carsguide.com.au/ev/advice/ev-battery-technology-explained-83111;https://www.carsguide.com.au/ev/advice/everything-you-need-to-know-about-charging-electric-cars-84991;https://www.carsguide.com.au/ev/advice/hybrid-vs-plug-in-hybrid-whats-the-difference-83034;https://www.carsguide.com.au/ev/advice/what-is-a-hybrid-car-84895;https://www.carsguide.com.au/ev/advice/what-is-an-electric-car-86051;https://www.carsguide.com.au/gwm;https://www.carsguide.com.au/mg</PAGE_LINKS><PAGE_PRECISEPUBTIMESTAMP>20260216000000</PAGE_PRECISEPUBTIMESTAMP><PAGE_TITLE>Chery wants to 'absolutely' ditch petrol | The Irrigator</PAGE_TITLE>,2026-02-16T03:00:00,global,www.carsguide.com.au,,other
gdelt_gkg,irrigator.com.au,,<PAGE_PRECISEPUBTIMESTAMP>20260216001400</PAGE_PRECISEPUBTIMESTAMP><PAGE_TITLE>'Much-loved' teacher's death to be probed years later</PAGE_TITLE>,2026-02-16T03:00:00,global,PAGE_TITLE>,,other
gdelt_gkg,irrigator.com.au,,<PAGE_PRECISEPUBTIMESTAMP>20260216015400</PAGE_PRECISEPUBTIMESTAMP><PAGE_TITLE>Nation's biggest steelmaker pledges shareholder bonanza</PAGE_TITLE>,2026-02-16T03:00:00,global,PAGE_TITLE>,,other
gdelt_gkg,irrigator.com.au,,<PAGE_PRECISEPUBTIMESTAMP>20260216023300</PAGE_PRECISEPUBTIMESTAMP><PAGE_TITLE>Spirit of Tasmania heroically rescues 7 near Geelong | The Irrigator</PAGE_TITLE>,2026-02-16T03:00:00,global,PAGE_TITLE>,,other
gdelt_gkg,irrigator.com.au,,<PAGE_LINKS>https://www.irrigator.com.au/story/8523212/virgin-voyages-the-ultimate-party-cruises/;https://www.princess.com/en-au;https://www.virginvoyages.com/v/homepage</PAGE_LINKS><PAGE_PRECISEPUBTIMESTAMP>20260216010000</PAGE_PRECISEPUBTIMESTAMP><PAGE_TITLE>Cruise ship entertainment now rivaling Broadway shows | The Irrigator</PAGE_TITLE>,2026-02-16T03:00:00,global,www.irrigator.com.au,,other
gdelt_gkg,irrigator.com.au,,"<PAGE_PRECISEPUBTIMESTAMP>20260215230900</PAGE_PRECISEPUBTIMESTAMP><PAGE_TITLE>Penfolds owner in the red as China, US issues continue</PAGE_TITLE>",2026-02-16T03:00:00,global,PAGE_TITLE>,,other
gdelt_gkg,irrigator.com.au,,"<PAGE_PRECISEPUBTIMESTAMP>20260216015700</PAGE_PRECISEPUBTIMESTAMP><PAGE_TITLE>Thousands of new brickies, sparkies to bolster housing</PAGE_TITLE>",2026-02-16T03:00:00,global,PAGE_TITLE>,,other
gdelt_gkg,myjoyonline.com,,<PAGE_PRECISEPUBTIMESTAMP>20260216054300</PAGE_PRECISEPUBTIMESTAMP><PAGE_TITLE>NYA CEO Osman Ayariga distributes equipment to NAP beneficiaries in Cape Coast</PAGE_TITLE>,2026-02-16T06:00:00,global,PAGE_TITLE>,,other
gdelt_gkg,irrigator.com.au,,<PAGE_LINKS>https://www.judgments.fedcourt.gov.au/judgments/Judgments/fca/single/2026/2026fca0088</PAGE_LINKS><PAGE_PRECISEPUBTIMESTAMP>20260216060500</PAGE_PRECISEPUBTIMESTAMP><PAGE_TITLE>Cheaper diabetes drug halted by AstraZeneca court win</PAGE_TITLE>,2026-02-16T08:00:00,global,www.judgments.fedcourt.gov.au,,other
gdelt_gkg,irrigator.com.au,,"<PAGE_LINKS>https://maramatours.com</PAGE_LINKS><PAGE_PRECISEPUBTIMESTAMP>20260216040000</PAGE_PRECISEPUBTIMESTAMP><PAGE_TITLE>Papeete's hidden gems: Art, culture and local flavours | The Irrigator</PAGE_TITLE>",2026-02-16T08:00:00,global,maramatours.com<,,other
gdelt_gkg,irrigator.com.au,,<PAGE_LINKS>https://www.carsguide.com.au/car-advice/big-wheels-and-low-profile-tyres-are-not-always-better-37394;https://www.carsguide.com.au/car-advice/why-suvs-are-becoming-so-popular-34463;https://www.carsguide.com.au/lexus;https://www.carsguide.com.au/mercedes-benz;https://www.carsguide.com.au/mercedes-benz/eq-class/eqs;https://www.carsguide.com.au/safety;https://www.carsguide.com.au/technology;https://www.carsguide.com.au/tesla</PAGE_LINKS><PAGE_PRECISEPUBTIMESTAMP>20260216060000</PAGE_PRECISEPUBTIMESTAMP><PAGE_TITLE>These steering wheels have been banned</PAGE_TITLE>,2026-02-16T08:00:00,global,www.carsguide.com.au,,other
gdelt_gkg,irrigator.com.au,,<PAGE_PRECISEPUBTIMESTAMP>20260216053900</PAGE_PRECISEPUBTIMESTAMP><PAGE_TITLE>Burnout Mayhem roars at Brobenah Speedway</PAGE_TITLE>,2026-02-16T08:00:00,global,PAGE_TITLE>,,other
gdelt_gkg,irrigator.com.au,,<PAGE_PRECISEPUBTIMESTAMP>20260216065400</PAGE_PRECISEPUBTIMESTAMP><PAGE_TITLE>'Tinderbox': conditions combine to ignite fire risk</PAGE_TITLE>,2026-02-16T08:00:00,global,PAGE_TITLE>,,other
gdelt_gkg,irrigator.com.au,,<PAGE_LINKS>https://www.carsguide.com.au/car-advice/fuel-efficiency-ratings-what-do-they-tell-you-31319;https://www.carsguide.com.au/car-advice/stop-start-systems-where-and-when-they-save-fuel-and-money-39579;https://www.carsguide.com.au/ev/advice/ev-battery-technology-explained-83111;https://www.carsguide.com.au/ford;https://www.carsguide.com.au/honda;https://www.carsguide.com.au/hyundai;https://www.carsguide.com.au/nissan;https://www.carsguide.com.au/tags/long-term;https://www.carsguide.com.au/toyota;https://www.epa.gov/newsreleases/administrator-zeldin-eliminates-cycle-credit-almost-universally-hated-start-stop</PAGE_LINKS><PAGE_PRECISEPUBTIMESTAMP>20260216073600</PAGE_PRECISEPUBTIMESTAMP><PAGE_TITLE>Annoying new car feature canned</PAGE_TITLE>,2026-02-16T08:00:00,global,www.carsguide.com.au,,other
gdelt_gkg,irrigator.com.au,,<PAGE_PRECISEPUBTIMESTAMP>20260216061300</PAGE_PRECISEPUBTIMESTAMP><PAGE_TITLE>'Shut the door': Liberal leader mulls migration change</PAGE_TITLE>,2026-02-16T08:00:00,global,PAGE_TITLE>,,other
gdelt_gkg,irrigator.com.au,,<PAGE_PRECISEPUBTIMESTAMP>20260216070000</PAGE_PRECISEPUBTIMESTAMP><PAGE_TITLE>Discover the Mediterranean with Atlas Ocean Voyages | The Irrigator</PAGE_TITLE>,2026-02-16T08:00:00,global,PAGE_TITLE>,,other
gdelt_gkg,irrigator.com.au,,"<PAGE_PRECISEPUBTIMESTAMP>20260216064300</PAGE_PRECISEPUBTIMESTAMP><PAGE_TITLE>Steelmaker pledges dividend bonanza, but shares drop</PAGE_TITLE>",2026-02-16T08:00:00,global,PAGE_TITLE>,,other
gdelt_gkg,irrigator.com.au,,<PAGE_LINKS>https://www.carsguide.com.au/ev/advice/ev-battery-technology-explained-83111;https://www.carsguide.com.au/ev/advice/everything-you-need-to-know-about-charging-electric-cars-84991;https://www.carsguide.com.au/ford</PAGE_LINKS><PAGE_PRECISEPUBTIMESTAMP>20260216060000</PAGE_PRECISEPUBTIMESTAMP><PAGE_TITLE>Everest and Ranger models recalled</PAGE_TITLE>,2026-02-16T08:00:00,global,www.carsguide.com.au,,other
gdelt_gkg,irrigator.com.au,,<PAGE_LINKS>https://www.carsguide.com.au/car-advice/engine-capacity-what-does-cc-mean-70785;https://www.carsguide.com.au/car-advice/utes-are-the-most-versatile-cars-on-the-road-but-should-i-buy-one-35972;https://www.carsguide.com.au/car-advice/what-is-a-turbocharger-36401;https://www.carsguide.com.au/car-advice/whats-the-difference-between-diesel-and-petrol-cars-47267;https://www.carsguide.com.au/car-advice/why-suvs-are-becoming-so-popular-34463;https://www.carsguide.com.au/ev/advice/hybrid-vs-plug-in-hybrid-whats-the-difference-83034;https://www.carsguide.com.au/ford;https://www.carsguide.com.au/ford/everest;https://www.carsguide.com.au/ford/ranger;https://www.carsguide.com.au/nissan/navara;https://www.carsguide.com.au/toyota/landcruiser-prado;https://www.carsguide.com.au/tradies/advice/why-choose-an-extra-cab-ute-instead-of-a-single-cab-or-dual-cab-73045</PAGE_LINKS><PAGE_PRECISEPUBTIMESTAMP>20260216060000</PAGE_PRECISEPUBTIMESTAMP><PAGE_TITLE>Ford big guns in price change</PAGE_TITLE>,2026-02-16T08:00:00,global,www.carsguide.com.au,,other
gdelt_gkg,irrigator.com.au,,<PAGE_PRECISEPUBTIMESTAMP>20260216055400</PAGE_PRECISEPUBTIMESTAMP><PAGE_TITLE>Glass half full: Penfolds owner 'excited' despite loss</PAGE_TITLE>,2026-02-16T08:00:00,global,PAGE_TITLE>,,other
gdelt_gkg,irrigator.com.au,,<PAGE_PRECISEPUBTIMESTAMP>20260216032400</PAGE_PRECISEPUBTIMESTAMP><PAGE_TITLE>Data doesn't match hype on intermittent fasting: study</PAGE_TITLE>,2026-02-16T08:00:00,global,PAGE_TITLE>,,other
gdelt_gkg,irrigator.com.au,,<PAGE_LINKS>https://www.bordermail.com.au/story/9174424/sussan-ley-stepping-down-after-25-years-as-member-for-farrer/;https://www.bordermail.com.au/story/9174546/murray-mp-helen-dalton-considers-farrer-run-after-ley-exit/</PAGE_LINKS><PAGE_PRECISEPUBTIMESTAMP>20260216063000</PAGE_PRECISEPUBTIMESTAMP><PAGE_TITLE>Nationals MP Wers Fang reflects on Helen Dalton's One Nation step</PAGE_TITLE>,2026-02-16T08:00:00,global,www.bordermail.com.au,,other
gdelt_gkg,irrigator.com.au,,<PAGE_PRECISEPUBTIMESTAMP>20260216050500</PAGE_PRECISEPUBTIMESTAMP><PAGE_TITLE>Man's vow after allegedly sexually assaulting teen</PAGE_TITLE>,2026-02-16T08:00:00,global,PAGE_TITLE>,,other
gdelt_gkg,irrigator.com.au,,<PAGE_PRECISEPUBTIMESTAMP>20260216070700</PAGE_PRECISEPUBTIMESTAMP><PAGE_TITLE>Coles points finger at suppliers for price changes</PAGE_TITLE>,2026-02-16T08:00:00,global,PAGE_TITLE>,,other
gdelt_gkg,london-now.co.uk,,<PAGE_LINKS>https://www.london-now.co.uk/news/25845827.contemporary-indonesian-restaurant-just-opened-central-london/;https://www.london-now.co.uk/news/25848969.person-dies-firefighters-hospitalised-huge-house-fire/</PAGE_LINKS><PAGE_PRECISEPUBTIMESTAMP>20260216050000</PAGE_PRECISEPUBTIMESTAMP><PAGE_TITLE>The London Fire Brigade's  and DJ's 200ft pancake flip</PAGE_TITLE>,2026-02-16T09:00:00,global,www.london-now.co.uk,,other
gdelt_gkg,indianexpress.com,,"<PAGE_LINKS>https://indianexpress.com/section/cities/kolkata/</PAGE_LINKS><PAGE_AUTHORS>Tanusree Bose</PAGE_AUTHORS><PAGE_PRECISEPUBTIMESTAMP>20260216094100</PAGE_PRECISEPUBTIMESTAMP><PAGE_ALTURL_AMP>https://indianexpress.com/article/cities/kolkata/pm-modi-brigade-parade-ground-mega-rally-bengal-polls-10534952/lite/</PAGE_ALTURL_AMP><PAGE_TITLE>After 5 years, PM Modi to return to Brigade Parade Ground for mega rally as BJP sets eyes on Bengal polls</PAGE_TITLE>",2026-02-16T10:00:00,global,indianexpress.com,,other
gdelt_gkg,calcuttanews.net,,<PAGE_TITLE>US lags behind Estonia on free speech  EUs Kallas</PAGE_TITLE>,2026-02-16T11:00:00,global,,,other
gdelt_gkg,irrigator.com.au,,<PAGE_LINKS>https://www.carsguide.com.au/car-advice/fuel-efficiency-ratings-what-do-they-tell-you-31319;https://www.carsguide.com.au/car-advice/stop-start-systems-where-and-when-they-save-fuel-and-money-39579;https://www.carsguide.com.au/ev/advice/ev-battery-technology-explained-83111;https://www.carsguide.com.au/ford;https://www.carsguide.com.au/honda;https://www.carsguide.com.au/hyundai;https://www.carsguide.com.au/nissan;https://www.carsguide.com.au/tags/long-term;https://www.carsguide.com.au/toyota;https://www.epa.gov/newsreleases/administrator-zeldin-eliminates-cycle-credit-almost-universally-hated-start-stop</PAGE_LINKS><PAGE_PRECISEPUBTIMESTAMP>20260216090000</PAGE_PRECISEPUBTIMESTAMP><PAGE_TITLE>Annoying new car feature canned</PAGE_TITLE>,2026-02-16T13:00:00,global,www.carsguide.com.au,,other
gdelt_gkg,baltictimes.com,,"<PAGE_TITLE>'Verde' development gains momentum - 'Capitalica Asset Management' increases bond issue to EUR 4 million, completes substructure works, 25% of Building C reserved</PAGE_TITLE>",2026-02-16T14:00:00,global,,,other
gdelt_gkg,baltictimes.com,,<PAGE_TITLE>Apollo Group Begins Journey to the Stock Exchange</PAGE_TITLE>,2026-02-16T14:00:00,global,,,other
gdelt_gkg,baltictimes.com,,<PAGE_TITLE>Tallink &#xE0; la carte restaurants offer the winning menu of the Chefs' competition</PAGE_TITLE>,2026-02-16T14:00:00,global,,,other
gdelt_gkg,baltictimes.com,,<PAGE_TITLE>Exclusive urban spa to be added to Telliskivi's new building complex</PAGE_TITLE>,2026-02-16T14:00:00,global,,,other
gdelt_gkg,finanzen.ch,,<PAGE_TITLE>Estonian Inflation Eases To A 14-month Low</PAGE_TITLE>,2026-02-16T15:00:00,global,,,other
gdelt_gkg,nesn.com,,<PAGE_LINKS>https://nesn.com/teams/mlb/boston-red-sox/;https://x.com/BOSSportsGordo/status/2023040628377215360</PAGE_LINKS><PAGE_AUTHORS>Colin Keane</PAGE_AUTHORS><PAGE_PRECISEPUBTIMESTAMP>20260216165100</PAGE_PRECISEPUBTIMESTAMP><PAGE_ALTURL_AMP>https://nesn.com/2026/02/red-sox-catcher-carlos-narvaez-shares-strong-desire-to-retire-in-boston/amp/</PAGE_ALTURL_AMP><PAGE_TITLE>Red Sox Catcher Carlos Narv&#xE1;ez Shares Strong Desire To Retire In Boston</PAGE_TITLE>,2026-02-16T21:00:00,global,nesn.com,,other
gdelt_gkg,slugmag.com,,<PAGE_LINKS>https://durandjonesandtheindications.com/;https://www.instagram.com/lionelrichie/</PAGE_LINKS><PAGE_AUTHORS>Alton Barnhart</PAGE_AUTHORS><PAGE_TITLE>Local Review: Bad Luck Brigade &#x2014; NOTHING</PAGE_TITLE>,2026-02-16T21:00:00,global,durandjonesandtheindications.com,,other
gdelt_gkg,smithsonianmag.com,,"<PAGE_LINKS>https://doi.org/10.1016/j.compstruct.2022.115669;https://link.springer.com/article/10.1007/s11548-017-1545-1;https://paulino.scholar.princeton.edu/;https://science.nasa.gov/photojournal/power-origami/;https://www.gov-online.go.jp/eng/publicity/book/hlj/html/202112/202112_05_en.html;https://www.salesforce.com/company/legal/sfdc-website-terms-of-service/;https://www.salesforce.com/company/privacy/;https://www.science.org/doi/10.1126/science.1252610;https://www.sciencenews.org/;https://www.smithsonianmag.com/author/ramsha-waseem/;https://www.smithsonianmag.com/smart-news/college-sophomore-discovers-new-origami-pattern-that-could-be-used-to-build-telescopes-and-satellites-180987226/;https://www.societyforscience.org/;https://www.societyforscience.org/jic/;https://www.societyforscience.org/people/maya-ajmera/;https://www.wired.com/story/the-atomic-theory-of-origami/;https://www.youtube.com/watch</PAGE_LINKS><PAGE_AUTHORS>Ramsha Waseem</PAGE_AUTHORS><PAGE_TITLE>This 14-Year-Old Is Using Origami to Imagine Emergency Shelters That Are Sturdy, Cost-Efficient and Easy to Deploy</PAGE_TITLE>",2026-02-16T22:00:00,global,doi.org,,other
gdelt_gkg,elciudadano.com,,"<PAGE_LINKS>https://twitter.com/GobiernodeChile;https://www.elciudadano.com/chile/nuble-partio-construccion-de-embalse-zapallar-que-permitira-el-riego-de-10-mil-hectareas-agricolas/02/16/</PAGE_LINKS><PAGE_AUTHORS>The Citizen</PAGE_AUTHORS><PAGE_PRECISEPUBTIMESTAMP>20260216205500</PAGE_PRECISEPUBTIMESTAMP><PAGE_TITLE>Construction Begins on Zapallar Reservoir in &#xD1;uble, Set to Irrigate 10,000 Hectares of Agricultural Land</PAGE_TITLE>",2026-02-16T23:00:00,global,twitter.com,,other
gdelt_gkg,ianslive.in,,<PAGE_AUTHORS>IANS</PAGE_AUTHORS><PAGE_TITLE>Estonian President arrives in New Delhi to participate in India-AI Impact Summit</PAGE_TITLE>,2026-02-17T04:00:00,global,PAGE_TITLE>,,other
gdelt_gkg,balticbusinessnews.com,,<PAGE_LINKS>https://clinicaltrials.gov/study/NCT06907641</PAGE_LINKS><PAGE_AUTHORS>admin</PAGE_AUTHORS><PAGE_PRECISEPUBTIMESTAMP>20260216140300</PAGE_PRECISEPUBTIMESTAMP><PAGE_TITLE>Co-PSMA: Cu-64 SAR-bisPSMA more than doubled prostate cancer lesion and patient detection vs. Ga-68 PSMA-11 in head-to-head trial</PAGE_TITLE>,2026-02-17T05:00:00,global,clinicaltrials.gov,,other
gdelt_gkg,balticbusinessnews.com,,<PAGE_LINKS>https://newsroom.hyatt.com/021626-Hyatt-Announces-Thomas-J-Pritzker-Retires-as-Executive-Chairman-and-Will-Not-Seek-Re-Election-to-Board-of-Directors-Mark-S-Hoplamazian-Assumes-Combined-Role-of-Chairman-of-the-Board-and-Chief-Executive-Officer;https://www.cnbc.com/2025/12/17/ghislaine-maxwell-habeas-petition-jeffrey-epstein.html;https://www.cnbc.com/2026/02/05/paul-weiss-brad-karp-resigns-jeffrey-epstein.html;https://www.cnbc.com/2026/02/09/tech-leaders-epstein-records-silicon-valley-sergey-brin-thiel-sinofsky-reid-hoffman-musk-gates.html;https://www.cnbc.com/2026/02/15/epstein-files-fallout-goldman-ruemmler-harvard-yale.html;https://www.cnbc.com/quotes/H/;https://www.justice.gov/epstein</PAGE_LINKS><PAGE_AUTHORS>admin</PAGE_AUTHORS><PAGE_PRECISEPUBTIMESTAMP>20260216232200</PAGE_PRECISEPUBTIMESTAMP><PAGE_TITLE>Hyatt Chairman Pritzker leaves board over Epstein ties</PAGE_TITLE>,2026-02-17T05:00:00,global,newsroom.hyatt.com,,other
gdelt_gkg,balticbusinessnews.com,,"<PAGE_LINKS>https://www.foxbusiness.com/category/southwest-airlines;https://www.foxnews.com/category/travel;https://www.foxnews.com/category/travel/general;https://www.foxnews.com/category/travel/general/airlines;https://www.foxnews.com/category/travel/general/family-travel;https://x.com/watilo/status/2021941000302920070</PAGE_LINKS><PAGE_AUTHORS>admin</PAGE_AUTHORS><PAGE_PRECISEPUBTIMESTAMP>20260216215500</PAGE_PRECISEPUBTIMESTAMP><PAGE_TITLE>Family outraged after major airline seats toddler apart from parents, sparking viral debate</PAGE_TITLE>",2026-02-17T05:00:00,global,www.foxbusiness.com,,other
gdelt_gkg,russiaherald.com,,<PAGE_TITLE>Estonian President Alar Karis arrives in New Delhi for India AI Impact Summit</PAGE_TITLE>,2026-02-17T06:00:00,global,,,other
gdelt_gkg,variety.com,,"<PAGE_LINKS>https://variety.com/2025/film/global/cnc-baltic-co-production-tallinn-black-nights-festival-1236590595/;https://variety.com/2025/film/news/smoke-sauna-sisterhood-anna-hints-1236385548/;https://variety.com/t/anna-hints/;https://variety.com/t/baltic-cinema/;https://variety.com/t/black-hairy-beast/;https://variety.com/t/cnc/;https://variety.com/t/estonia/</PAGE_LINKS><PAGE_AUTHORS>Marta Balaga</PAGE_AUTHORS><PAGE_TITLE>France Celebrates Baltic Cinema, Kicks Off France Baltic Film Meetings</PAGE_TITLE>",2026-02-17T08:00:00,global,variety.com,,other
gdelt_gkg,bnn-news.com,,<PAGE_AUTHORS>BNN</PAGE_AUTHORS><PAGE_PRECISEPUBTIMESTAMP>20260217050500</PAGE_PRECISEPUBTIMESTAMP><PAGE_TITLE>Bitter cold at night and snow midweek: what are forecasters predicting for Latvia?</PAGE_TITLE>,2026-02-17T08:00:00,global,PAGE_PRECISEPUBTIMESTAMP><PAGE_TITLE>Bitter cold at night and snow midweek: what are forecasters predicting for Latvia?<,,other
gdelt_gkg,mangalorean.com,,<PAGE_AUTHORS>IANS</PAGE_AUTHORS><PAGE_ALTURL_AMP>https://www.mangalorean.com/estonian-president-arrives-in-new-delhi-to-participate-in-india-ai-impact-summit/?amp=1</PAGE_ALTURL_AMP><PAGE_TITLE>Estonian President arrives in New Delhi to participate in India-AI Impact Summit</PAGE_TITLE>,2026-02-17T08:00:00,global,,,other
gdelt_gkg,bnn-news.com,,"<PAGE_AUTHORS>LETA</PAGE_AUTHORS><PAGE_PRECISEPUBTIMESTAMP>20260217072000</PAGE_PRECISEPUBTIMESTAMP><PAGE_TITLE>Politician: If the government falls, Latvia would be led by a technical government</PAGE_TITLE>",2026-02-17T08:00:00,global,"PAGE_PRECISEPUBTIMESTAMP><PAGE_TITLE>Politician: If the government falls, Latvia would be led by a technical government<",,other
gdelt_gkg,balticbusinessnews.com,,<PAGE_LINKS>https://drive.google.com/file/d/1rDSsBxb4Vd_L3kTV2PXx-Nj3M2PYqpoP/view;https://www.ahs.chula.ac.th/en/;https://www.chula.ac.th/en/;https://www.chula.ac.th/en/highlight/278578;https://www.chula.ac.th/en/highlight/278578/</PAGE_LINKS><PAGE_AUTHORS>admin</PAGE_AUTHORS><PAGE_PRECISEPUBTIMESTAMP>20260217020000</PAGE_PRECISEPUBTIMESTAMP><PAGE_TITLE>Chula Researchers Reimagine Thai Cuisine for People with Swallowing Disorders</PAGE_TITLE>,2026-02-17T10:00:00,global,drive.google.com,,other
gdelt_gkg,lrytas.lt,,"<PAGE_TITLE>EP President: Lithuanians &#x2013; a nation tempered by the fires of history, the heart of Europe beats loudly here</PAGE_TITLE>",2026-02-17T11:00:00,global,,,other
gdelt_gkg,shannonside.ie,,<PAGE_LINKS>https://www.northernsound.ie/;https://www.shannonside.ie/</PAGE_LINKS><PAGE_TITLE>Michael Corrigan | Shannonside.ie</PAGE_TITLE>,2026-02-17T12:00:00,global,www.northernsound.ie,,other
gdelt_gkg,lrt.lt,,"<PAGE_AUTHORS>Ainis Gurevi&#x10D;ius;Saulius Jaku&#x10D;ionis</PAGE_AUTHORS><PAGE_PRECISEPUBTIMESTAMP>20260217110300</PAGE_PRECISEPUBTIMESTAMP><PAGE_TITLE>Former Lithuanian PM questioned in illegal enrichment probe, denies wrongdoing</PAGE_TITLE>",2026-02-17T13:00:00,global,"PAGE_PRECISEPUBTIMESTAMP><PAGE_TITLE>Former Lithuanian PM questioned in illegal enrichment probe, denies wrongdoing<",,other
gdelt_gkg,lrt.lt,,<PAGE_AUTHORS>BNS</PAGE_AUTHORS><PAGE_PRECISEPUBTIMESTAMP>20260217122300</PAGE_PRECISEPUBTIMESTAMP><PAGE_TITLE>Lithuania seeks &#x20AC;1bn for military mobility infrastructure</PAGE_TITLE>,2026-02-17T13:00:00,global,PAGE_PRECISEPUBTIMESTAMP><PAGE_TITLE>Lithuania seeks &#x20AC;1bn for military mobility infrastructure<,,other
gdelt_gkg,mwnation.com,,<PAGE_AUTHORS>CORRESPONDENT .</PAGE_AUTHORS><PAGE_PRECISEPUBTIMESTAMP>20260217080000</PAGE_PRECISEPUBTIMESTAMP><PAGE_TITLE>Shire Valley irrigation project on course</PAGE_TITLE>,2026-02-17T13:00:00,global,PAGE_PRECISEPUBTIMESTAMP><PAGE_TITLE>Shire Valley irrigation project on course<,,other
gdelt_gkg,bnn-news.com,,<PAGE_AUTHORS>LETA</PAGE_AUTHORS><PAGE_PRECISEPUBTIMESTAMP>20260217110400</PAGE_PRECISEPUBTIMESTAMP><PAGE_TITLE>Tighter oversight promised for Latvia's Saeima elections after Municipal voting glitches</PAGE_TITLE>,2026-02-17T13:00:00,global,PAGE_PRECISEPUBTIMESTAMP><PAGE_TITLE>Tighter oversight promised for Latvia's Saeima elections after Municipal voting glitches<,,other
gdelt_gkg,habseyesontheprize.com,,<PAGE_PRECISEPUBTIMESTAMP>20260217100000</PAGE_PRECISEPUBTIMESTAMP><PAGE_TITLE>2026 Winter Olympics: Qualification Round open thread</PAGE_TITLE>,2026-02-17T13:00:00,global,PAGE_TITLE>,,other
gdelt_gkg,bnn-news.com,,<PAGE_AUTHORS>LETA</PAGE_AUTHORS><PAGE_PRECISEPUBTIMESTAMP>20260217123400</PAGE_PRECISEPUBTIMESTAMP><PAGE_TITLE>Latvia allocates ten million euros to support Ukraine through NATO fund</PAGE_TITLE>,2026-02-17T13:00:00,global,PAGE_PRECISEPUBTIMESTAMP><PAGE_TITLE>Latvia allocates ten million euros to support Ukraine through NATO fund<,,other
gdelt_gkg,tsn.ca,,<PAGE_LINKS>https://twitter.com/drosennhl/status/2023723939101376742</PAGE_LINKS><PAGE_TITLE>Jacob Markstrom appears set to start for Sweden vs. Latvia in qualification game at Olympics</PAGE_TITLE>,2026-02-17T15:00:00,global,twitter.com,,other
gdelt_gkg,electrive.com,,<PAGE_AUTHORS>Cora Werwitzke</PAGE_AUTHORS><PAGE_PRECISEPUBTIMESTAMP>20260217140400</PAGE_PRECISEPUBTIMESTAMP><PAGE_TITLE>Irizar delivers 10 Electric Buses to Lithuania</PAGE_TITLE>,2026-02-17T15:00:00,global,PAGE_PRECISEPUBTIMESTAMP><PAGE_TITLE>Irizar delivers 10 Electric Buses to Lithuania<,,other
gdelt_gkg,energy-storage.news,,"<PAGE_LINKS>https://www.energy-storage.news/dtek-and-fluence-start-commissioning-200mw-400mwh-ukraine-portfolio/;https://www.energy-storage.news/evecon-mirova-and-corsica-sole-inaugurate-first-of-two-100mw-200mwh-bess-in-estonia/;https://www.energy-storage.news/greece-ppc-awards-trina-storage-with-200mwh-western-macedonia-bess-project-contract/;https://www.energy-storage.news/hithium-signs-deal-for-eastern-europe-bess-projects-featuring-587ah-1175ah-cells/;https://www.energy-storage.news/lg-energy-solution-eyes-ess-pivot-in-light-of-ev-slowdown/;https://www.energy-storage.news/merus-power-commissions-38mw-grid-forming-bess-in-finland/;https://www.energy-storage.news/more-ees-europe-bess-product-news-high-capacity-cells-zero-degradation-and-sodium-ion/;https://www.energy-storage.news/romania-supports-energy-storage-regulator-ends-double-taxing/;https://www.energy-storage.news/storage-as-fundamental-as-generation-dtek-and-fluence-turn-on-200mw-ukraine-bess/</PAGE_LINKS><PAGE_AUTHORS>Cameron Murray</PAGE_AUTHORS><PAGE_PRECISEPUBTIMESTAMP>20260217122200</PAGE_PRECISEPUBTIMESTAMP><PAGE_TITLE>KNESS & Hithium 2GWh Ukraine BESS deal, 700MWh progressed elsewhere</PAGE_TITLE>",2026-02-17T16:00:00,global,www.energy-storage.news,,other
gdelt_gkg,meathchronicle.ie,,<PAGE_TITLE>Lithuanian national pleads guilty to drink driving</PAGE_TITLE>,2026-02-17T18:00:00,global,,,other
gdelt_gkg,indianexpress.com,,"<PAGE_LINKS>https://indianexpress.com/about/amit-shah/;https://indianexpress.com/about/devendra-fadnavis/;https://indianexpress.com/about/nitin-gadkari/;https://indianexpress.com/about/rajnath-singh/;https://indianexpress.com/about/shivraj-singh-chouhan/;https://indianexpress.com/article/cities/kolkata/humayun-kabir-isf-cpim-congress-support-adhir-ranjan-chowdhury-jup-leader-10535057/;https://indianexpress.com/article/cities/kolkata/mamata-banerjee-election-commission-tughlaqi-sir-voter-deletion-ai-allegations-10537370/</PAGE_LINKS><PAGE_AUTHORS>Tanusree Bose</PAGE_AUTHORS><PAGE_PRECISEPUBTIMESTAMP>20260217165800</PAGE_PRECISEPUBTIMESTAMP><PAGE_ALTURL_AMP>https://indianexpress.com/article/cities/kolkata/bjp-west-bengal-parivartan-rath-yatra-2026-pm-modi-rally-brigade-ground-10537543/lite/</PAGE_ALTURL_AMP><PAGE_TITLE>9 Rath Yatras, 5,000 km, and a 'Tughlaqi' twist: BJP's mega blueprint to topple TMC in Bengal's 2026 battle</PAGE_TITLE>",2026-02-17T18:00:00,global,indianexpress.com,,other
gdelt_gkg,yahoo.com,,<PAGE_LINKS>https://variety.com/2025/film/news/smoke-sauna-sisterhood-anna-hints-1236385548/;https://www.yahoo.com/entertainment/smoke-sauna-sisterhood-review-lyrical-103230243.html;https://www.yahoo.com/entertainment/soviet-era-kung-fu-comedy-110412167.html;https://www.yahoo.com/entertainment/tv/articles/baltic-projects-watch-shed-light-103913175.html</PAGE_LINKS><PAGE_PRECISEPUBTIMESTAMP>20260217105000</PAGE_PRECISEPUBTIMESTAMP><PAGE_TITLE>Estonian Cinema Comes Out of Its Shell Led by New Wave of Directors: 'You Can't Fake a Heart and We Have It'</PAGE_TITLE>,2026-02-17T20:00:00,global,variety.com,,other
gdelt_gkg,marketscreener.com,,"<PAGE_AUTHORS>Reuters</PAGE_AUTHORS><PAGE_TITLE>Vilnius airport closed due to weather balloons from Belarus, Lithuania crisis management centre says</PAGE_TITLE>",2026-02-17T20:00:00,global,PAGE_TITLE>,,other
gdelt_gkg,irrigator.com.au,,<PAGE_LINKS>https://www.canberratimes.com.au/story/9175926/the-echidna-political-floaters-why-leaders-wont-flush-away/;https://www.canberratimes.com.au/story/9176900/illegal-ciggies-tipped-to-soon-stub-out-retail-sales/;https://www.canberratimes.com.au/story/9176901/jews-palestinians-face-brunt-of-rife-uni-racism/;https://www.canberratimes.com.au/story/9176907/post-bondi-protest-controls-eased-after-violent-clashes/;https://www.irrigator.com.au/story/9176671/australias-rabbit-crisis-how-our-history-repeats-itself/mailto:echidna@theechidna.com.au;https://www.theechidna.com.au/</PAGE_LINKS><PAGE_PRECISEPUBTIMESTAMP>20260217180000</PAGE_PRECISEPUBTIMESTAMP><PAGE_TITLE>Australia's rabbit crisis: how our history repeats itself | The Irrigator</PAGE_TITLE>,2026-02-17T21:00:00,global,www.canberratimes.com.au,,other
gdelt_gkg,irrigator.com.au,,<PAGE_LINKS>https://www.ibac.vic.gov.au/publications-and-resources/article/budget-independence-for-victorias-independent-officers-of-parliament;https://www.vic.gov.au/victorian-independent-remuneration-tribunal</PAGE_LINKS><PAGE_PRECISEPUBTIMESTAMP>20260217190100</PAGE_PRECISEPUBTIMESTAMP><PAGE_TITLE>'Shrouded in secrecy': watchdogs demand budget shake-up</PAGE_TITLE>,2026-02-17T21:00:00,global,www.ibac.vic.gov.au,,other
gdelt_gkg,irrigator.com.au,,"<PAGE_PRECISEPUBTIMESTAMP>20260217190000</PAGE_PRECISEPUBTIMESTAMP><PAGE_TITLE>Measles curb at risk amid vaccine fear, cost and travel</PAGE_TITLE>",2026-02-17T21:00:00,global,PAGE_TITLE>,,other
gdelt_gkg,calcuttanews.net,,"<PAGE_TITLE>Estonian President hails 'ancient' ties with India; seeks deeper cooperation in AI, Green Tech</PAGE_TITLE>",2026-02-17T21:00:00,global,,,other
gdelt_gkg,irrigator.com.au,,<PAGE_LINKS>https://survey.chi2.com.au/jfe/form/SV_8tXqutKmS9ukgrI;https://www.australianregionalinsights.com.au</PAGE_LINKS><PAGE_PRECISEPUBTIMESTAMP>20260217183000</PAGE_PRECISEPUBTIMESTAMP><PAGE_TITLE>Share your thoughts: Reader survey on local news | The Irrigator</PAGE_TITLE>,2026-02-17T21:00:00,global,survey.chi2.com.au,,other
gdelt_gkg,irrigator.com.au,,"<PAGE_LINKS>https://www.canberratimes.com.au/story/8961565/valerie-the-dachshunds-joyful-reunion-heading-home-to-albury/</PAGE_LINKS><PAGE_PRECISEPUBTIMESTAMP>20260217183000</PAGE_PRECISEPUBTIMESTAMP><PAGE_TITLE>Exciting next chapter for Valerie, Australia's bravest sausage dog | The Irrigator</PAGE_TITLE>",2026-02-17T21:00:00,global,www.canberratimes.com.au,,other
gdelt_gkg,irrigator.com.au,,<PAGE_PRECISEPUBTIMESTAMP>20260217194700</PAGE_PRECISEPUBTIMESTAMP><PAGE_TITLE>Murder charge after stabbing attack near train station</PAGE_TITLE>,2026-02-17T21:00:00,global,PAGE_TITLE>,,other
gdelt_gkg,irrigator.com.au,,<PAGE_PRECISEPUBTIMESTAMP>20260217190000</PAGE_PRECISEPUBTIMESTAMP><PAGE_TITLE>Latest data reveals the cheapest day of the week to fly | The Irrigator</PAGE_TITLE>,2026-02-17T21:00:00,global,PAGE_TITLE>,,other
gdelt_gkg,irrigator.com.au,,<PAGE_LINKS>https://www.accc.gov.au/about-us/publications/serial-publications/digital-platform-services-inquiry-2020-25-reports/digital-platform-services-inquiry-final-report-march-2025;https://www.aph.gov.au/Parliamentary_Business/Tabled_Documents/9184;https://www.samsung.com/au/support/mobile-devices/issue-with-some-older-galaxy-devices-calling-triple-zero/</PAGE_LINKS><PAGE_PRECISEPUBTIMESTAMP>20260217180000</PAGE_PRECISEPUBTIMESTAMP><PAGE_TITLE>Triple-zero outages and changes trigger more complaints</PAGE_TITLE>,2026-02-17T21:00:00,global,www.accc.gov.au,,other
gdelt_gkg,telecompaper.com,,<PAGE_PRECISEPUBTIMESTAMP>20260217155500</PAGE_PRECISEPUBTIMESTAMP><PAGE_TITLE>Telia Estonia signs SEK 9 mln contract with Waystream</PAGE_TITLE>,2026-02-18T01:00:00,global,PAGE_TITLE>,,other
gdelt_gkg,telecompaper.com,,<PAGE_PRECISEPUBTIMESTAMP>20260217155800</PAGE_PRECISEPUBTIMESTAMP><PAGE_TITLE>RETN launches new Tallinn&#x2013;Cesis backbone</PAGE_TITLE>,2026-02-18T01:00:00,global,PAGE_TITLE>,,other
gdelt_gkg,rigzone.com,,<PAGE_LINKS>https://t.me/s/kammeteo;https://www.bloomberg.com/news/articles/2026-02-12/ukraine-says-russia-damaged-druzhba-pipeline-halting-oil-flow</PAGE_LINKS><PAGE_TITLE>Icy Baltic Threatens to Cut Russian Exports</PAGE_TITLE>,2026-02-18T01:00:00,global,t.me,,other
gdelt_gkg,irrigator.com.au,,<PAGE_LINKS>https://www.irrigator.com.au/story/8201806/hotel-review-capella-sydney-is-a-stylish-vision-in-sandstone/</PAGE_LINKS><PAGE_PRECISEPUBTIMESTAMP>20260217210000</PAGE_PRECISEPUBTIMESTAMP><PAGE_TITLE>Australia's luxury hotels: Forbes Star Awards 2025 revealed | The Irrigator</PAGE_TITLE>,2026-02-18T02:00:00,global,www.irrigator.com.au,,other
gdelt_gkg,irrigator.com.au,,<PAGE_PRECISEPUBTIMESTAMP>20260218010700</PAGE_PRECISEPUBTIMESTAMP><PAGE_TITLE>Inflation outpacing wages as businesses feel the pinch</PAGE_TITLE>,2026-02-18T02:00:00,global,PAGE_TITLE>,,other
gdelt_gkg,irrigator.com.au,,<PAGE_LINKS>https://www.carsguide.com.au/byd;https://www.carsguide.com.au/car-advice/ancap-safety-ratings-explained-31528;https://www.carsguide.com.au/car-advice/big-wheels-and-low-profile-tyres-are-not-always-better-37394;https://www.carsguide.com.au/car-advice/engine-capacity-what-does-cc-mean-70785;https://www.carsguide.com.au/car-advice/what-is-autonomous-emergency-braking-or-aeb-51459;https://www.carsguide.com.au/car-advice/what-is-torque-89133;https://www.carsguide.com.au/car-advice/whats-the-difference-between-diesel-and-petrol-cars-47267;https://www.carsguide.com.au/car-advice/whats-the-difference-between-power-and-torque-87830;https://www.carsguide.com.au/commercial;https://www.carsguide.com.au/ev/advice/ev-battery-technology-explained-83111;https://www.carsguide.com.au/ev/advice/what-is-an-electric-car-86051;https://www.carsguide.com.au/safety;https://www.carsguide.com.au/tags/warranty;https://www.carsguide.com.au/urban/hacks/what-does-digital-radio-or-dab-mean-for-cars-40638</PAGE_LINKS><PAGE_PRECISEPUBTIMESTAMP>20260218003900</PAGE_PRECISEPUBTIMESTAMP><PAGE_TITLE>BYD Sealion 5 Essential 2026 review: snapshot</PAGE_TITLE>,2026-02-18T02:00:00,global,www.carsguide.com.au,,other
gdelt_gkg,irrigator.com.au,,<PAGE_PRECISEPUBTIMESTAMP>20260217221300</PAGE_PRECISEPUBTIMESTAMP><PAGE_TITLE>Ask Fuzzy: How do they make the tiny ball in a Biro?</PAGE_TITLE>,2026-02-18T02:00:00,global,PAGE_TITLE>,,other
gdelt_gkg,irrigator.com.au,,<PAGE_LINKS>https://www.carsguide.com.au/car-advice/all-wheel-or-four-wheel-drive-whats-the-difference-33194;https://www.carsguide.com.au/car-advice/big-wheels-and-low-profile-tyres-are-not-always-better-37394;https://www.carsguide.com.au/car-advice/car-suspension-what-is-it-and-how-does-it-work-90747;https://www.carsguide.com.au/car-advice/full-size-spare-space-saver-run-flats-or-puncture-repair-kit-what-to-look-out-for-31389;https://www.carsguide.com.au/car-advice/fwd-vs-awd-whats-the-difference-90165;https://www.carsguide.com.au/car-advice/real-leather-vs-fake-leather-for-cars-31066;https://www.carsguide.com.au/car-advice/what-is-the-speed-limit-while-towing-in-australia-80476;https://www.carsguide.com.au/car-advice/what-should-i-do-if-im-unhappy-with-my-car-warranty-service-33220;https://www.carsguide.com.au/car-advice/why-suvs-are-becoming-so-popular-34463;https://www.carsguide.com.au/ev/advice/electric-car-regenerative-braking-how-does-it-work-88097;https://www.carsguide.com.au/ev/advice/ev-battery-technology-explained-83111;https://www.carsguide.com.au/ev/advice/everything-you-need-to-know-about-charging-electric-cars-84991;https://www.carsguide.com.au/ev/advice/how-long-does-an-electric-car-battery-last-before-recharging-86008;https://www.carsguide.com.au/ev/advice/what-is-an-electric-car-86051;https://www.carsguide.com.au/family/advice/yes-you-can-install-your-own-child-seat-heres-how-67309;https://www.carsguide.com.au/kia/ev5;https://www.carsguide.com.au/nissan;https://www.carsguide.com.au/nissan/ariya;https://www.carsguide.com.au/tags/warranty;https://www.carsguide.com.au/tesla/model-y;https://www.carsguide.com.au/toyota/rav4;https://www.carsguide.com.au/urban/hacks/what-makes-a-good-car-multimedia-system-56049;https://www.carsguide.com.au/volkswagen/id4</PAGE_LINKS><PAGE_PRECISEPUBTIMESTAMP>20260218004300</PAGE_PRECISEPUBTIMESTAMP><PAGE_TITLE>Electric car pioneer's latest machine</PAGE_TITLE>,2026-02-18T02:00:00,global,www.carsguide.com.au,,other
gdelt_gkg,irrigator.com.au,,<PAGE_PRECISEPUBTIMESTAMP>20260217232700</PAGE_PRECISEPUBTIMESTAMP><PAGE_TITLE>Fresh search for man in 'heinous' rape cold case</PAGE_TITLE>,2026-02-18T02:00:00,global,PAGE_TITLE>,,other
gdelt_gkg,irrigator.com.au,,<PAGE_LINKS>https://www.carsguide.com.au/car-advice/all-wheel-or-four-wheel-drive-whats-the-difference-33194;https://www.carsguide.com.au/car-advice/car-suspension-what-is-it-and-how-does-it-work-90747;https://www.carsguide.com.au/car-advice/full-size-spare-space-saver-run-flats-or-puncture-repair-kit-what-to-look-out-for-31389;https://www.carsguide.com.au/car-advice/what-is-the-speed-limit-while-towing-in-australia-80476;https://www.carsguide.com.au/car-advice/whats-the-difference-between-diesel-and-petrol-cars-47267;https://www.carsguide.com.au/car-advice/whats-the-difference-between-litres-and-litres-vda-for-boot-capacities-42010;https://www.carsguide.com.au/car-advice/whats-the-difference-between-power-and-torque-87830;https://www.carsguide.com.au/car-advice/why-front-wheel-drive-is-sensible-but-rear-wheel-drive-is-more-fun-36990;https://www.carsguide.com.au/car-advice/why-suvs-are-becoming-so-popular-34463;https://www.carsguide.com.au/ev/advice/everything-you-need-to-know-about-charging-electric-cars-84991;https://www.carsguide.com.au/ev/advice/how-long-does-an-electric-car-battery-last-before-recharging-86008;https://www.carsguide.com.au/ev/advice/what-is-an-electric-car-86051;https://www.carsguide.com.au/family/advice/yes-you-can-install-your-own-child-seat-heres-how-67309;https://www.carsguide.com.au/nissan;https://www.carsguide.com.au/safety;https://www.carsguide.com.au/urban/hacks/what-makes-a-good-car-multimedia-system-56049</PAGE_LINKS><PAGE_PRECISEPUBTIMESTAMP>20260218003900</PAGE_PRECISEPUBTIMESTAMP><PAGE_TITLE>Big EV issue you need to know about</PAGE_TITLE>,2026-02-18T02:00:00,global,www.carsguide.com.au,,other
gdelt_gkg,irrigator.com.au,,<PAGE_PRECISEPUBTIMESTAMP>20260217210000</PAGE_PRECISEPUBTIMESTAMP><PAGE_TITLE>Tee Westerlund's barbershop dreams take flight in Leeton</PAGE_TITLE>,2026-02-18T02:00:00,global,PAGE_TITLE>,,other
gdelt_gkg,irrigator.com.au,,<PAGE_LINKS>https://www.seatrekbali.com/</PAGE_LINKS><PAGE_PRECISEPUBTIMESTAMP>20260217230000</PAGE_PRECISEPUBTIMESTAMP><PAGE_TITLE>From crime to conservation: Onesimus's Alor story | The Irrigator</PAGE_TITLE>,2026-02-18T02:00:00,global,www.seatrekbali.com,,other
gdelt_gkg,irrigator.com.au,,<PAGE_PRECISEPUBTIMESTAMP>20260217224000</PAGE_PRECISEPUBTIMESTAMP><PAGE_TITLE>No quick fix for overhauled Liberal immigration plan</PAGE_TITLE>,2026-02-18T02:00:00,global,PAGE_TITLE>,,other
gdelt_gkg,irrigator.com.au,,<PAGE_PRECISEPUBTIMESTAMP>20260218013400</PAGE_PRECISEPUBTIMESTAMP><PAGE_TITLE>Powerball owner's unlucky half for jackpots hits profit</PAGE_TITLE>,2026-02-18T02:00:00,global,PAGE_TITLE>,,other
gdelt_gkg,irrigator.com.au,,<PAGE_LINKS>https://www.areanews.com.au/;https://www.areanews.com.au/story/9177130/fuel-prices-in-griffith-hit-record-lows-since-the-pandemic/</PAGE_LINKS><PAGE_PRECISEPUBTIMESTAMP>20260217220900</PAGE_PRECISEPUBTIMESTAMP><PAGE_TITLE>Man charged with stealing 544 litres of fuel in Hanwood | The Irrigator</PAGE_TITLE>,2026-02-18T02:00:00,global,www.areanews.com.au,,other
gdelt_gkg,irrigator.com.au,,<PAGE_PRECISEPUBTIMESTAMP>20260217230700</PAGE_PRECISEPUBTIMESTAMP><PAGE_TITLE>Big steel maker back in play as predators raise bid</PAGE_TITLE>,2026-02-18T02:00:00,global,PAGE_TITLE>,,other
gdelt_gkg,irrigator.com.au,,<PAGE_PRECISEPUBTIMESTAMP>20260218005000</PAGE_PRECISEPUBTIMESTAMP><PAGE_TITLE>Man to face trial over granny's 'reprehensible' rape</PAGE_TITLE>,2026-02-18T02:00:00,global,PAGE_TITLE>,,other
gdelt_gkg,irrigator.com.au,,<PAGE_LINKS>https://www.dailyadvertiser.com.au/story/9170749/police-charge-wagga-man-over-the-sexual-abuse-of-a-child/</PAGE_LINKS><PAGE_PRECISEPUBTIMESTAMP>20260217043000</PAGE_PRECISEPUBTIMESTAMP><PAGE_TITLE>Riverina man arrested on child abuse and firearm charges | The Irrigator</PAGE_TITLE>,2026-02-18T02:00:00,global,www.dailyadvertiser.com.au,,other
gdelt_gkg,irrigator.com.au,,<PAGE_LINKS>https://www.carsguide.com.au/byd/atto-2;https://www.carsguide.com.au/car-advice/adaptive-cruise-control-explained-45905;https://www.carsguide.com.au/car-advice/ancap-safety-ratings-explained-31528;https://www.carsguide.com.au/car-advice/big-wheels-and-low-profile-tyres-are-not-always-better-37394;https://www.carsguide.com.au/car-advice/capped-price-servicing-explained-46099;https://www.carsguide.com.au/car-advice/car-suspension-what-is-it-and-how-does-it-work-90747;https://www.carsguide.com.au/car-advice/full-size-spare-space-saver-run-flats-or-puncture-repair-kit-what-to-look-out-for-31389;https://www.carsguide.com.au/car-advice/how-to-choose-the-right-car-to-suit-three-child-seats-53904;https://www.carsguide.com.au/car-advice/how-to-get-the-best-out-of-drive-away-pricing-free-on-roads-and-special-finance-deals;https://www.carsguide.com.au/car-advice/how-to-save-money-on-roadside-assistance-31201;https://www.carsguide.com.au/car-advice/msrp-what-does-it-mean-94279;https://www.carsguide.com.au/car-advice/utes-are-the-most-versatile-cars-on-the-road-but-should-i-buy-one-35972;https://www.carsguide.com.au/car-advice/what-is-autonomous-emergency-braking-or-aeb-51459;https://www.carsguide.com.au/car-advice/what-is-blind-spot-monitoring-51471;https://www.carsguide.com.au/car-advice/what-should-i-do-if-im-unhappy-with-my-car-warranty-service-33220;https://www.carsguide.com.au/car-advice/whats-the-difference-between-diesel-and-petrol-cars-47267;https://www.carsguide.com.au/car-advice/whats-the-difference-between-power-and-torque-87830;https://www.carsguide.com.au/car-advice/why-all-sat-nav-systems-are-not-created-equal-53873;https://www.carsguide.com.au/car-advice/why-isofix-child-seats-are-so-much-safer-for-australia-30946;https://www.carsguide.com.au/car-advice/why-suvs-are-becoming-so-popular-34463;https://www.carsguide.com.au/chery;https://www.carsguide.com.au/ev/advice/electric-car-regenerative-braking-how-does-it-work-88097;https://www.carsguide.com.au/ev/advice/ev-battery-technology-explained-83111;https://www.carsguide.com.au/ev/advice/everything-you-need-to-know-about-charging-electric-cars-84991;https://www.carsguide.com.au/ev/advice/how-long-does-an-electric-car-battery-last-before-recharging-86008;https://www.carsguide.com.au/ev/advice/what-is-a-hybrid-car-84895;https://www.carsguide.com.au/ev/advice/what-is-an-electric-car-86051;https://www.carsguide.com.au/family/advice/what-are-apple-carplay-and-android-auto-56043;https://www.carsguide.com.au/jaecoo;https://www.carsguide.com.au/jaecoo/j5;https://www.carsguide.com.au/land-rover/range-rover;https://www.carsguide.com.au/mg;https://www.carsguide.com.au/mg/mgs5-ev;https://www.carsguide.com.au/safety;https://www.carsguide.com.au/tags/warranty;https://www.carsguide.com.au/technology;https://www.carsguide.com.au/urban/hacks/what-makes-a-good-car-multimedia-system-56049</PAGE_LINKS><PAGE_PRECISEPUBTIMESTAMP>20260218004300</PAGE_PRECISEPUBTIMESTAMP><PAGE_TITLE>Jaecoo J5 EV: Should its rivals be worried?</PAGE_TITLE>,2026-02-18T02:00:00,global,www.carsguide.com.au,,other
gdelt_gkg,irrigator.com.au,,<PAGE_PRECISEPUBTIMESTAMP>20260218010400</PAGE_PRECISEPUBTIMESTAMP><PAGE_TITLE>No bail for escaped mental health patient after killing</PAGE_TITLE>,2026-02-18T02:00:00,global,PAGE_TITLE>,,other
gdelt_gkg,dailypost.ng,,<PAGE_AUTHORS>Daniel Chibuike</PAGE_AUTHORS><PAGE_TITLE>Insecurity: 14 Brigade Nigerian Army Commander seeks NUJ support</PAGE_TITLE>,2026-02-18T06:00:00,global,PAGE_TITLE>,,other
gdelt_gkg,ky3.com,,<PAGE_LINKS>https://apnews.com/article/auston-matthews-captain-us-hockey-olympics-3cd74f30f5bb7c88a0b06915dae05381;https://apnews.com/article/milan-olympics-nhl-cd910b7b6bf0067f5f7ed11cf8ad890b;https://apnews.com/article/milan-winter-olympics-bellemare-france-6333a59424bacfc4f3f04fae4ae2ffd8;https://apnews.com/article/sweden-lucas-raymond-olympics-fe27902c51e9e32ed19d70fccc16e2cd;https://apnews.com/hub/milan-cortina-2026-winter-olympics</PAGE_LINKS><PAGE_ALTURL_AMP>https://www.ky3.com/2026/02/18/sweden-gets-past-latvia-will-face-us-quarterfinals-olympics/?outputType=amp</PAGE_ALTURL_AMP><PAGE_TITLE>Sweden gets past Latvia and will face the US in the quarterfinals at the Olympics</PAGE_TITLE>,2026-02-18T06:00:00,global,apnews.com,,other
gdelt_gkg,actionnewsjax.com,,<PAGE_LINKS>https://physicstoday.aip.org/news/what-the-national-center-for-atmospheric-research-means-to-the-atmospheric-sciences;https://www.actionnewsjax.com/weather/first_alert_neighborhood_weather_stations/</PAGE_LINKS><PAGE_PRECISEPUBTIMESTAMP>20260218044200</PAGE_PRECISEPUBTIMESTAMP><PAGE_ALTURL_AMP>https://www.actionnewsjax.com/weather/buresh/buresh-blog-irrigation-saving-water-dormant-grass-la-nina-update-red-snapper-ncar/IXAAGI5HDFAEFDS6FXB2HIRWJ4/?outputType=amp</PAGE_ALTURL_AMP><PAGE_TITLE>Buresh Blog: Irrigation & Saving Water... Dormant Grass... La Nina Update... NCAR... Red Snapper</PAGE_TITLE>,2026-02-18T07:00:00,global,physicstoday.aip.org,,other
gdelt_gkg,ibtimes.co.uk,,<PAGE_LINKS>https://www.el-balad.com/6854591;https://www.ibtimes.co.uk/nato-red-alert-brazen-putin-jets-breach-estonian-airspace-12-minutes-1744729;https://www.ibtimes.co.uk/navalny-dart-frog-toxin-poisoning-1779008;https://www.ibtimes.co.uk/uk-security-alert-why-donald-trumps-new-doctrine-forcing-britain-prepare-war-1775127;https://www.ibtimes.co.uk/ww3-fears-rise-polish-general-warns-russia-preparing-war-nato-1756071;https://www.telegraph.co.uk/world-news/2026/02/16/nato-air-strikes-deep-in-russia-if-putin-hits-baltics/</PAGE_LINKS><PAGE_AUTHORS>Vinay Patel</PAGE_AUTHORS><PAGE_PRECISEPUBTIMESTAMP>20260218063400</PAGE_PRECISEPUBTIMESTAMP><PAGE_TITLE>Estonia Warns It Will Take War Deep Into Russia if Moscow Invades &#x2014; Fear of Wider Conflict</PAGE_TITLE>,2026-02-18T07:00:00,global,www.el-balad.com,,other
gdelt_gkg,bnn-news.com,,<PAGE_AUTHORS>LETA</PAGE_AUTHORS><PAGE_PRECISEPUBTIMESTAMP>20260218072700</PAGE_PRECISEPUBTIMESTAMP><PAGE_TITLE>Audit shakes Latvia's education system: children not guaranteed equal opportunities in schools</PAGE_TITLE>,2026-02-18T08:00:00,global,PAGE_PRECISEPUBTIMESTAMP><PAGE_TITLE>Audit shakes Latvia's education system: children not guaranteed equal opportunities in schools<,,other
gdelt_gkg,bnn-news.com,,<PAGE_AUTHORS>BNN</PAGE_AUTHORS><PAGE_PRECISEPUBTIMESTAMP>20260218065000</PAGE_PRECISEPUBTIMESTAMP><PAGE_TITLE>Cyclone approaching from the west &#x2013; snow and milder weather expected midweek in Latvia</PAGE_TITLE>,2026-02-18T08:00:00,global,PAGE_PRECISEPUBTIMESTAMP><PAGE_TITLE>Cyclone approaching from the west &#x2013; snow and milder weather expected midweek in Latvia<,,other
gdelt_gkg,sb.by,,<PAGE_LINKS>http://tass.com;https://pixabay.com/ru/</PAGE_LINKS><PAGE_TITLE>Estonia is open to having NATO nuclear weapons deployed within country</PAGE_TITLE>,2026-02-18T10:00:00,global,tass.com;https:,,russian_state
gdelt_gkg,openthemagazine.com,,<PAGE_LINKS>https://openthemagazine.com/india/pm-modi-calls-ai-a-civilisational-inflection-point-as-india-positions-itself-at-the-centre-of-ai-revolution</PAGE_LINKS><PAGE_AUTHORS>Open Bureau & Agencies</PAGE_AUTHORS><PAGE_TITLE>AI India Impact Summit 2026: Switzerland and Estonia Seek Stronger Ties with India</PAGE_TITLE>,2026-02-18T10:00:00,global,openthemagazine.com,,other
gdelt_gkg,bankingnews.gr,,<PAGE_TITLE>Ukraine war: Claims of 'NATO pilots' and 'mercenaries' operating F-16s as tensions rise in the Baltic</PAGE_TITLE>,2026-02-18T12:00:00,global,,,other
gdelt_gkg,punchng.com,,<PAGE_AUTHORS>Ogbonnaya Ikokwu</PAGE_AUTHORS><PAGE_PRECISEPUBTIMESTAMP>20260218082800</PAGE_PRECISEPUBTIMESTAMP><PAGE_ALTURL_AMP>https://punchng.com/report-any-misconduct-involving-soldiers-brigade-commander-urges-journalists/?amp</PAGE_ALTURL_AMP><PAGE_TITLE>Report Soldier Misconduct: Army Commander Urges Journalists</PAGE_TITLE>,2026-02-18T12:00:00,global,PAGE_PRECISEPUBTIMESTAMP><PAGE_ALTURL_AMP>https:,,other
gdelt_gkg,news.postimees.ee,,<PAGE_TITLE>Fisherman discovered a balloon carrying illegal cigarettes on the ice of the Estonian&#x2013;Russian border lake</PAGE_TITLE>,2026-02-18T12:00:00,global,,,other
gdelt_gkg,spacedaily.com,,<PAGE_TITLE>Latvian startup advances nuclear-fueled power for satellites and future Moon missions</PAGE_TITLE>,2026-02-18T13:00:00,global,,,other
gdelt_gkg,bnn-news.com,,<PAGE_AUTHORS>LETA</PAGE_AUTHORS><PAGE_PRECISEPUBTIMESTAMP>20260218093600</PAGE_PRECISEPUBTIMESTAMP><PAGE_TITLE>Court acquits Magonis and three former Latvian Railways board members in 1.5 million euros case</PAGE_TITLE>,2026-02-18T13:00:00,global,PAGE_PRECISEPUBTIMESTAMP><PAGE_TITLE>Court acquits Magonis and three former Latvian Railways board members in 1.5 million euros case<,,other
gdelt_gkg,ianslive.in,,"<PAGE_AUTHORS>IANS</PAGE_AUTHORS><PAGE_TITLE>India's global weight is rising, says Estonia President after meeting PM Modi</PAGE_TITLE>",2026-02-18T13:00:00,global,PAGE_TITLE>,,other
gdelt_gkg,power-technology.com,,"<PAGE_AUTHORS>Shree Mishra</PAGE_AUTHORS><PAGE_PRECISEPUBTIMESTAMP>20260218130400</PAGE_PRECISEPUBTIMESTAMP><PAGE_TITLE>&#xD8;rsted, PGE complete first phase of seabed preparation Baltica 2</PAGE_TITLE>",2026-02-18T14:00:00,global,"PAGE_PRECISEPUBTIMESTAMP><PAGE_TITLE>&#xD8;rsted, PGE complete first phase of seabed preparation Baltica 2<",,other
gdelt_gkg,indiaeducationdiary.in,,"<PAGE_PRECISEPUBTIMESTAMP>20260218123700</PAGE_PRECISEPUBTIMESTAMP><PAGE_TITLE>Education Is Key to Making AI Work Responsibly, says Alar Karis, President of Republic of Estonia at India AI Impact Summit 2026 - India Education | Latest Education News | Global Educational News</PAGE_TITLE>",2026-02-18T14:00:00,global,PAGE_TITLE>,,other
gdelt_gkg,hellenicshippingnews.com,,<PAGE_AUTHORS>hellenicshippingnews...</PAGE_AUTHORS><PAGE_TITLE>Baltic Dry Index falls to 2063 down 32 points | Hellenic Shipping News Worldwide</PAGE_TITLE>,2026-02-18T14:00:00,global,PAGE_TITLE>,,other
gdelt_gkg,foodnavigator-asia.com,,<PAGE_LINKS>https://www.foodnavigator-asia.com/Article/2023/09/26/saudi-arabia-national-targets-and-gender-inclusivity-propelling-food-manufacturing-industry-to-new-heights/</PAGE_LINKS><PAGE_PRECISEPUBTIMESTAMP>20260218095500</PAGE_PRECISEPUBTIMESTAMP><PAGE_TITLE>Estonia's Middle East playbook: Key insights for food exporters to the Gulf</PAGE_TITLE>,2026-02-18T15:00:00,global,www.foodnavigator-asia.com,,other
gdelt_gkg,army.mil,,<PAGE_ALTURL_AMP>https://www.army.mil/article-amp/290561/1st_cavalry_division_conducts_crane_course_in_lithuania_command</PAGE_ALTURL_AMP><PAGE_TITLE>1st Cavalry Division Conducts Crane Course in Lithuania Command</PAGE_TITLE>,2026-02-18T15:00:00,global,www.army.mil,,other
gdelt_gkg,militarnyi.com,,<PAGE_LINKS>https://militarnyi.com/en/news/german-45th-panzer-brigade-begins-operations-in-lithuania/;https://www.rnd.de/politik/litauen-brigade-cdu-verteidigungsexperte-will-soldaten-notfalls-verpflichten-JBRLEOAALBAAZCKCQDROANUQGA.html</PAGE_LINKS><PAGE_TITLE>German Brigade in Lithuania Recruits Only 10% of Personnel</PAGE_TITLE>,2026-02-18T15:00:00,global,militarnyi.com,,other
gdelt_gkg,harringayonline.com,,<PAGE_TITLE>Stallan family from the old Tottenham Fire Brigade</PAGE_TITLE>,2026-02-18T17:00:00,global,,,other
gdelt_gkg,delfi.lt,,<PAGE_TITLE>Lithuania completes JLTV acquisition</PAGE_TITLE>,2026-02-18T17:00:00,global,,,other
gdelt_gkg,delfi.lt,,<PAGE_TITLE>Lithuania addresses ICAO over contraband balloons from Belarus</PAGE_TITLE>,2026-02-18T17:00:00,global,,,other
gdelt_gkg,delfi.lt,,<PAGE_TITLE>Four flights disrupted by Tuesday's restrictions at Vilnius Airport &#x2013; NKVC</PAGE_TITLE>,2026-02-18T17:00:00,global,,,other
gdelt_gkg,westmeathexaminer.ie,,<PAGE_TITLE>Kerrigan's lose at home as two sides confirm top seedings</PAGE_TITLE>,2026-02-18T18:00:00,global,,,other
gdelt_gkg,myjoyonline.com,,<PAGE_PRECISEPUBTIMESTAMP>20260218184100</PAGE_PRECISEPUBTIMESTAMP><PAGE_TITLE>Pan-African Youth Union General Secretary pays courtesy call on NYA CEO Osman Ayariga</PAGE_TITLE>,2026-02-18T19:00:00,global,PAGE_TITLE>,,other
gdelt_gkg,the-star.co.ke,,<PAGE_TITLE>Wetang'ula: Kenya to benchmark Egypt's irrigation technology to boost food security</PAGE_TITLE>,2026-02-18T19:00:00,global,,,other
gdelt_gkg,newsghana.com.gh,,<PAGE_TITLE>VEPEAG Demands Irrigation Revival After Jihadist Attack on Traders</PAGE_TITLE>,2026-02-18T21:00:00,global,,,other
gdelt_gkg,irrigator.com.au,,<PAGE_LINKS>https://www.carsguide.com.au/alfa-romeo;https://www.carsguide.com.au/car-advice/ancap-safety-ratings-explained-31528;https://www.carsguide.com.au/car-advice/big-wheels-and-low-profile-tyres-are-not-always-better-37394;https://www.carsguide.com.au/car-advice/car-headlights-led-vs-halogen-vs-hid-vs-xenon-vs-laser-70301;https://www.carsguide.com.au/car-advice/car-suspension-what-is-it-and-how-does-it-work-90747;https://www.carsguide.com.au/car-advice/full-size-spare-space-saver-run-flats-or-puncture-repair-kit-what-to-look-out-for-31389;https://www.carsguide.com.au/car-advice/fwd-vs-awd-whats-the-difference-90165;https://www.carsguide.com.au/car-advice/how-to-choose-the-right-tyres-for-your-car-33549;https://www.carsguide.com.au/car-advice/how-to-get-the-best-out-of-drive-away-pricing-free-on-roads-and-special-finance-deals;https://www.carsguide.com.au/car-advice/lane-departure-warning-explained-45944;https://www.carsguide.com.au/car-advice/real-leather-vs-fake-leather-for-cars-31066;https://www.carsguide.com.au/car-advice/what-is-the-speed-limit-while-towing-in-australia-80476;https://www.carsguide.com.au/car-advice/what-should-i-do-if-im-unhappy-with-my-car-warranty-service-33220;https://www.carsguide.com.au/car-advice/whats-the-difference-between-power-and-torque-87830;https://www.carsguide.com.au/car-advice/why-front-wheel-drive-is-sensible-but-rear-wheel-drive-is-more-fun-36990;https://www.carsguide.com.au/car-advice/why-isofix-child-seats-are-so-much-safer-for-australia-30946;https://www.carsguide.com.au/car-advice/why-suvs-are-becoming-so-popular-34463;https://www.carsguide.com.au/ev/advice/electric-car-regenerative-braking-how-does-it-work-88097;https://www.carsguide.com.au/ev/advice/ev-battery-technology-explained-83111;https://www.carsguide.com.au/ev/advice/everything-you-need-to-know-about-charging-electric-cars-84991;https://www.carsguide.com.au/ev/advice/how-long-does-an-electric-car-battery-last-before-recharging-86008;https://www.carsguide.com.au/ev/advice/what-is-an-electric-car-86051;https://www.carsguide.com.au/family/advice/what-are-apple-carplay-and-android-auto-56043;https://www.carsguide.com.au/family/advice/yes-you-can-install-your-own-child-seat-heres-how-67309;https://www.carsguide.com.au/geely/ex5;https://www.carsguide.com.au/leapmotor;https://www.carsguide.com.au/leapmotor/b10;https://www.carsguide.com.au/leapmotor/c10;https://www.carsguide.com.au/maserati;https://www.carsguide.com.au/mg/mgs5-ev;https://www.carsguide.com.au/peugeot;https://www.carsguide.com.au/safety;https://www.carsguide.com.au/tags/warranty;https://www.carsguide.com.au/urban/hacks/what-is-qi-or-chee-wireless-phone-charging-40250;https://www.carsguide.com.au/urban/hacks/what-makes-a-good-car-multimedia-system-56049</PAGE_LINKS><PAGE_PRECISEPUBTIMESTAMP>20260219000000</PAGE_PRECISEPUBTIMESTAMP><PAGE_TITLE>Is this the best value electric small SUV?</PAGE_TITLE>,2026-02-19T01:00:00,global,www.carsguide.com.au,,other
gdelt_gkg,irrigator.com.au,,<PAGE_LINKS>https://www.canberratimes.com.au/profile/1495/zoe-wundenberg/</PAGE_LINKS><PAGE_PRECISEPUBTIMESTAMP>20260218234600</PAGE_PRECISEPUBTIMESTAMP><PAGE_TITLE>Zo&#xEB; Wundenberg | Party politics disrupts Farrer representation | The Irrigator</PAGE_TITLE>,2026-02-19T01:00:00,global,www.canberratimes.com.au,,other
gdelt_gkg,eadaily.com,,"<PAGE_ALTURL_AMP>https://eadaily.com/en/ampnews/2026/02/18/estonias-largest-cheese-factory-went-bankrupt-in-one-year</PAGE_ALTURL_AMP><PAGE_TITLE>Estonia's largest cheese factory went bankrupt in one year &#x2014; EADaily, February 18th, 2026 &#x2014; Economics, Baltics</PAGE_TITLE>",2026-02-19T01:00:00,global,eadaily.com,,other
gdelt_gkg,irrigator.com.au,,<PAGE_LINKS>https://www.areanews.com.au/story/8762317/honouring-lives-on-writing-tributes-for-beloved-family-members/;https://www.areanews.com.au/story/9170959/heartfelt-tribute-to-a-loyal-furry-companion/</PAGE_LINKS><PAGE_PRECISEPUBTIMESTAMP>20260218050000</PAGE_PRECISEPUBTIMESTAMP><PAGE_TITLE>Finding comfort through grief: A mothers experience</PAGE_TITLE>,2026-02-19T01:00:00,global,www.areanews.com.au,,other
gdelt_gkg,irrigator.com.au,,<PAGE_PRECISEPUBTIMESTAMP>20260219001100</PAGE_PRECISEPUBTIMESTAMP><PAGE_TITLE>The great packing debate: check-in luggage vs carry-on bags | The Irrigator</PAGE_TITLE>,2026-02-19T01:00:00,global,PAGE_TITLE>,,other
gdelt_gkg,irrigator.com.au,,<PAGE_LINKS>https://www.dailyadvertiser.com.au/sport/group-9/</PAGE_LINKS><PAGE_PRECISEPUBTIMESTAMP>20260218080000</PAGE_PRECISEPUBTIMESTAMP><PAGE_TITLE>Group Nine mourns loss of 'gentleman of the game' Leo McCarthy | The Irrigator</PAGE_TITLE>,2026-02-19T01:00:00,global,www.dailyadvertiser.com.au,,other
gdelt_gkg,irrigator.com.au,,<PAGE_PRECISEPUBTIMESTAMP>20260219002800</PAGE_PRECISEPUBTIMESTAMP><PAGE_TITLE>Telstra boosts dividend as mobile price hikes pay off</PAGE_TITLE>,2026-02-19T01:00:00,global,PAGE_TITLE>,,other
gdelt_gkg,irrigator.com.au,,<PAGE_LINKS>https://www.irrigator.com.au/story/8915215/top-10-multi-day-hikes-across-australia/;https://www.irrigator.com.au/travel/destinations/scandinavia/</PAGE_LINKS><PAGE_PRECISEPUBTIMESTAMP>20260218210000</PAGE_PRECISEPUBTIMESTAMP><PAGE_TITLE>Cruising Norway: A journey through fjords and folklore | The Irrigator</PAGE_TITLE>,2026-02-19T01:00:00,global,www.irrigator.com.au,,other
gdelt_gkg,irrigator.com.au,,<PAGE_LINKS>https://www.carsguide.com.au/byd;https://www.carsguide.com.au/car-advice/whats-the-difference-between-diesel-and-petrol-cars-47267;https://www.carsguide.com.au/ev/advice/what-is-an-electric-car-86051;https://www.carsguide.com.au/mazda;https://www.carsguide.com.au/nissan;https://www.carsguide.com.au/subaru</PAGE_LINKS><PAGE_PRECISEPUBTIMESTAMP>20260219000000</PAGE_PRECISEPUBTIMESTAMP><PAGE_TITLE>Popular car brands in trouble on emissions</PAGE_TITLE>,2026-02-19T01:00:00,global,www.carsguide.com.au,,other
gdelt_gkg,irrigator.com.au,,<PAGE_LINKS>https://www.canberratimes.com.au/profile/1409/adam-triggs/</PAGE_LINKS><PAGE_PRECISEPUBTIMESTAMP>20260218183000</PAGE_PRECISEPUBTIMESTAMP><PAGE_TITLE>Adam Triggs | Rising medical costs burden Australians' health | The Irrigator</PAGE_TITLE>,2026-02-19T01:00:00,global,www.canberratimes.com.au,,other
gdelt_gkg,irrigator.com.au,,"<PAGE_PRECISEPUBTIMESTAMP>20260218211400</PAGE_PRECISEPUBTIMESTAMP><PAGE_TITLE>Whistle review: A bit of fun for horror fans, with scares and gore galore | The Irrigator</PAGE_TITLE>",2026-02-19T01:00:00,global,PAGE_TITLE>,,other
gdelt_gkg,united24media.com,,<PAGE_LINKS>https://news.err.ee/1609944743/foreign-minister-estonia-s-foreign-policy-is-not-an-academic-exercise;https://united24media.com/latest-news/its-a-direction-we-should-follow-nawrocki-weighs-polish-nuclear-capability-as-security-risks-grow-15930;https://www.reuters.com/world/europe/estonian-parliament-votes-withdraw-landmines-treaty-2025-06-04/</PAGE_LINKS><PAGE_TITLE>Estonia Signals Openness to NATO Nuclear Deployment</PAGE_TITLE>,2026-02-19T01:00:00,global,news.err.ee,,estonian_media
gdelt_gkg,irrigator.com.au,,<PAGE_PRECISEPUBTIMESTAMP>20260219000900</PAGE_PRECISEPUBTIMESTAMP><PAGE_TITLE>Canberra bar raided over Trump and Netanyahu posters | The Irrigator</PAGE_TITLE>,2026-02-19T01:00:00,global,PAGE_TITLE>,,other
gdelt_gkg,irrigator.com.au,,<PAGE_PRECISEPUBTIMESTAMP>20260218223000</PAGE_PRECISEPUBTIMESTAMP><PAGE_TITLE>Major mosque targeted again as Hanson speech link drawn</PAGE_TITLE>,2026-02-19T01:00:00,global,PAGE_TITLE>,,other
gdelt_gkg,irrigator.com.au,,"<PAGE_PRECISEPUBTIMESTAMP>20260218223000</PAGE_PRECISEPUBTIMESTAMP><PAGE_TITLE>'Everyday low prices' a win for Kmart, Bunnings owner</PAGE_TITLE>",2026-02-19T01:00:00,global,PAGE_TITLE>,,other
